adurianus,adrianus
robrt,robert
etianne,etienne
girt,girt
hamiiton,hamilton
hensy,henry
jess,jesse
thoma,thomas
shlreen,shireen
arthr,arthur
voltairae,voltaire
wadeechard,wadeechard
dove,dove
adem,adam
adidayo,adedayo
witlladele,will
adriann,adrianne
albirt,albert
alered,aled
alssia,alessia
alexasnder,alexander
giorge,george
aexander,alexander
alxandre,alexandre
alcina,alina
allisun,allison
amindeep,amandeep
ameroca,america
mashoom,masood
aanda,ananda
andew,andrew
andrdgw,andrew
anjuean,anjuman
antho,anthony
autonio,antonio
antoeios,antonios
atonis,antonis
rauchid,rachid
arehibald,archibald
arnuld,arnold
arthnmus,artemus
artsur,arthur
athur,arthur
artheur,arthur
asley,ashley
williamaustin,william
mychael,michael
baham,bahram
barbayra,barbara
betrice,beatrice
jessicea,jessica
mehmeet,mehmet
caseey,casey
bunjamin,benjamin
bunjamin,benjamin
benjmin,benjamin
bnjamin,benjamin
lambirtus,lambertus
elizeabeth,elizabeth
rachnla,rachna
andron,antron
robzrt,robert
robirt,robert
bonni,bonnie
mercus,marcus
phelippe,philippe
galles,gilles
bprad,brad
brrnda,brenda
brean,brian
broroke,brooke
elizabeath,elizabeth
cemeron,cameron
carls,carlos
calos,carlos
caehal,cahal
cecilfrances,cecil
cela,celia
erric,eric
leae,lee
chariss,charisse
charless,charles
chiarles,charles
charlye,charlie
carles,charlie
charlott,charlotte
christind,christine
chri,chris
christoppher,christopher
cheistopher,christopher
christophnr,christopher
christophar,christopher
chrisotopher,christopher
christophr,christopher
christophr,christopher
christophr,christopher
clemensvon,clemens
cllinton,clinton
coein,colin
cadell,cordell
cristiang,cristian
elranor,eleanor
curti,curtis
covette,corvette
choris,chris
dkota,dakota
danilla,daniella
davied,david
eugne,eugene
dvid,david
daivid,david
davd,david
jacon,jason
den,dean
diniz,deniz
davika,devika
dhena,dhana
diene,diane
richord,richard
doeald,donald
donhald,donald
doenald,donald
danald,donald
donaldbruce,donald
dnald,donald
dnna,donna
daniniel,daniel
doglas,douglas
albersa,alberta
rubn,ruben
carel,carl
ekateina,ekaterina
eaine,elaine
eias,elias
elius,elias
elzabeth,elizabeth
elizabeh,elizabeth
ervian,ervin
ethsl,ethel
etel,ethel
evdokua,evdokia
evilyn,evelyn
chriztoph,christoph
frnando,fernando
florentjn,florentijn
frac,franc
frantes,frances
frennk,frank
frhnk,frank
frenkie,frankie
frankln,franklin
frtnz,franz
carldos,carlos
garesth,gareth
daniee,daniel
winoston,winston
geneic,generic
gyorge,george
glorge,george
gorge,jorge
generrro,gennaro
gorald,gerald
gesaldine,geraldine
girald,gerald
gialuigi,gianluigi
giorgo,giorgio
genn,glenn
gregoryjames,gregory
geegory,gregory
grffith,griffith
gulzor,gulzar
heny,henry
harr,harry
hrold,harold
harr,harry
heinrych,heinrich
krisna,krishna
heney,henry
hermen,herman
hlly,holly
hughleslie,hugh
huuette,huguette
irne,irene
isabelagarcia,isabella
isronar,israr
josph,joseph
robet,robert
jreremy,jeremy
l,l
johnjohan,john
jmes,james
jpmes,james
jamts,james
jamras,james
mrjorie,marjorie
jmnet,janet
jesmina,jasmina
jacon,jason
jashon,jason
jean-pitrre,jean-pierre
jeatne,jeanne
jiffrey,jeffrey
jevefrey,jeffrey
jounnifer,jennifer
jeoremy,jeremy
jeron,jeroen
jeremciah,jeremiah
j,j
jessice,jessica
jams,james
jasmes,james
joslph,joseph
joekim,joakim
mar,mary
josi,jodi
joceph,joseph
akra,akira
jehn,john
jalhn,john
hinry,henry
jonaithan,jonathan
joadan,jordan
mrie,marie
josua,joshua
julilan,julian
katharne,katharine
katerthi,keerthi
kennesth,kenneth
kearry,kerry
kierry,kerry
katherene,katherine
kevcn,kevin
keven,kevin
khaderm,khadem
kaym,kay
kimblrly,kimberly
kimbaerly,kimberly
kimberlly,kimberly
knnga,kinga
kiresty,kirsty
j,j
krsta,krysta
edwar,edward
wiliam,william
lroi,lori
leae,lee
safirullath,safirullah
leonardmudie,leonard
leslye,leslie
liette,lisette
lloyng,lloyd
antony,anthony
louit,louis
lydita,lydia
juda,jude
masc,mac
medan,madan
k,k
macel,marcel
marceia,marcela
margainret,margaret
mariucs,marios
miark,mark
malrk,mark
mak,mark
martein,martin
ddnnis,dennis
mairy,mary
lroy,leroy
matthaw,matthew
matthepw,matthew
grtgory,gregory
michawl,michael
wiston,winston
maritta,marietta
mhdi,mehdi
michaerl,michael
micharl,michael
miquhael,michael
michahel,michael
michiel,michael
michala,michaela
davnd,david
josrph,joseph
dominiqu,dominique
moctsezuma,moctezuma
mohanmad,mohammad
moshk,moshik
mazharrul,mazharul
rkha,rekha
mrray,murray
myorn,myron
nailm,naim
natalee,natalie
nathanel,nathaniel
nil,neil
neeella,nerella
nicholes,nicholas
necholas,nicholas
norbernt,norbert
orsholya,orsolya
parblo,pablo
petrick,patrick
patrissk,patrick
piul,paul
patrighck,patrick
wolliam,william
paull,paul
peneloppe,penelope
panny,penny
peer,peter
pter,peter
piter,peter
peeter,peter
leslit,leslie
poter,porter
phillippe,philippe
evanglos-phoebus,evangelos-phoebus
phylls,phyllis
vysctoria,victoria
saah,sarah
pirya,priya
rafahl,rafael
raiond,raymond
rimond,richmond
ramro,ramiro
rena,rana
raymon,raymond
redmod,redmond
rinuka,rinku
griegoria,grigoris
regnna,regina
recardo,ricardo
ricard,richard
ricard,richard
robret,robert
robrt,robert
robered,robert
abdulah,abdullah
robrt,robert
robsrt,robert
riobero,roberto
ronad,ronald
romald,ronald
roxaea,roxana
reube,ruby
waltr,walter
ruxandta,ruxandra
jetan-baptiste,jean-baptiste
smuel,samuel
sammina,samina
samurel,samuel
sandnr,sander
sendra,sandra
sargics,sargis
sahewat,sarwat
scontt,scott
chrs,chris
shown,shawn
ohtka,ohtaka
shevani,shivani
shwrta,shweta
siegfriyd,siegfried
siobhin,siobhan
solang,solange
sopehia,sophie
sphie,sophie
slphie,sophie
sopehie,sophie
staney,stanley
stephsen,stephen
stoeven,steven
steephen,stephen
strve,steve
willam,william
stuaet,stuart
kally,kelly
seurjit,surjit
suan,susan
susun,susan
suze,suzie
swegatalakshmi,swagatalakshmi
swaei,swati
swoti,swati
trrence,terrence
tiomas,thomas
tomas,thomas
tomas,thomas
timodehy,timothy
tem,tim
timoothy,timothy
patoick,patrick
thhomas,thomas
thomis,thomas
thoms,thomas
thomat,thomas
charlis,charles
mackenze,mackenzie
tochi,toshi
sucumu,susumu
larr,larry
trumn,truman
bootumelo,boitumelo
tylur,tyler
christin,christine
vundana,vandana
verncente,vincent
vincense,vincennes
waltir,walter
waltrurde,waltrude
williem,william
wlliam,william
whilliam,william
willeam,william
willim,william
woodwerd,woodward
h,heywood
yosiko,yoshiko
yhotaka,yutaka
zachari,zachary
edauard,eduard
abigil,abigail
adryjana,adriana
akrarm,akram
aan,alan
abert,albert
azfem,azeem
andera,andrea
anishha,anisha
anthany,anthony
alfrd,alfred
armecn,armen
ayseha,ayesha
benjamein,benjamin
benjamen,benjamin
nanini,nandini
welliam,william
robrt,robert
bors,boris
bruc,bruce
celleb,caleb
crelo,carlo
caroldine,caroline
caharina,catharina
cotherine,catherine
celcnda,calendar
charlott,charlotte
christophew,christopher
chrisgopher,christopher
chrisghtopher,christopher
christines,christine's
christoppher,christopher
chrestian,christian
chrystof,christoph
chriesty,christy
chiarles,charles
hlng,hong
cornelous,cornelius
deniel,daniel
danil,daniel
devid,david
dyvid,david
robertdewayne,robert
duborah,deborah
deborahmary,deborah
deanisa,denisa
dilheni,dilhani
constantrn,constantin
sidnay,sidney
donapld,donald
effot,effort
elianor,eleanor
elizabetth,elizabeth
erneste,ernest
miechael,michael
evagopras,evagoras
frnand,fernand
fracis,francis
francszek,franciszek
frak,frank
frncis,francis
fredryck,frederick
frederck,frederick
joan,johan
gvin,gavin
goorge,george
giela,gisela
giorgo,giorgio
grregory,gregory
giffith,griffith
haalow,harlow
hledrold,harold
husan,hasan
helem,helen
herbertla,herbert
frincis,francis
iin,ian
isebel,isobel
jacck,jack
juck,jack
jallo,jalo
jaeon,jason
json,jason
jian-luc,jean-luc
jams,james
josepph,joseph
jolhn,john
jon,john
yiannir,yiannis
jonatha,jonathan
jordaen,jordan
josefna,josefina
jaspr,jasper
joserphine,josephine
km,kim
kharen,karen
karoe,karaoke
kathyn,kathryn
khall,khalil
yalng,yang
kem,kim
kimbarly,kimberly
kllaus,klaus
lar,lars
luren,lauren
le,lee
lete,lee
lton,alton
leonared,leonard
andrw,andrew
leaam,liam
lincooln,lincoln
ludaila,ludmilla
liman,lyman
lynsy,lynsay
mahdyer,mahdiar
mahnmoud,mahmoud
maircus,marcus
magaret,margaret
mrgareta,margareta
margiry,margery
marna,marina
manry,mary
mattew,matthew
maxweall,maxwell
maximiliran,maximilian
lanne,leanne
maximilianoo,maximiliano
meguan,megan
melunie,melanie
maeie,marie
mishael,michael
michal,michael
micehael,michael
jck,jack
micheel,michael
michil,michiel
mileain,milein
petrocinio,patrocinio
anniemontrose,annie
mocosa,moosa
moyshe,moshe
muammad,muhammad
kheifi,khelifi
myffanwy,myfanwy
netasha,natasha
gertrde,gertrude
g,g
nathoniel,nathaniel
ngjat,nejat
ejat,nejat
neck,nick
nigil,nigel
oile,ole
olivar,oliver
peola,paola
pamjit,paramjit
ptrick,patrick
pal,paul
pul,paul
peteeemeli,peter
phoulip,philip
pierreantoine,pierre
peiscila,priscila
rachaal,rachael
riymond,raymond
robinst,robins
wron,ron
renald,ronald
ronold,ronald
roasemary,rosemary
roass,ross
sanchata,sanchita
scotte,scott
lie,lee
setarih,setareh
shasnu,shaun
fujimuea,fujimura
jing,jung
masurd,masud
sohl,sohel
sutefano,stefano
strephen,stephen
stepen,stephen
stephesn,stephen
esunil,sunil
taduja,tarja
tatiaa,tatiana
temdy,teddy
themas,thomas
maisaru,masaru
anttony,anthony
j,j
tray,tracy
frazieer,frazier
valirie,valerie
valeiy,valeriy
valnessa,vanessa
vahi,vashi
victors,victor
vtktor,viktor
vaktorija,viktorija
jeald,jerald
wll,will
chearles,charles
williem,william
williamtylee,william
willne,willie
yevgey,yevgeny
alyice,alice
allisons,allison
pattrick,patrick
adrew,andrew
annemari,annemarie
antheny,anthony
antony,anthony
azebmesfin,azeb
berbara,barbara
gopinashan,gopinathan
wiliam,william
brean,brian
henbert,herbert
carman,carmen
carouline,caroline
christopheir,christopher
clenton,clinton
couin,colin
ralfid,rafid
damari,damaris
danel,daniel
danial,daniel
darene,darine
davod,david
davidswilliam,david
deawid,david
davi,david
divid,david
davtd,david
defnnis,dennis
charlles,charles
domnico,domenick
fricis,francis
abreham,abraham
elna,elena
elanor,eleanor
emale,emile
emieio,emilio
emiy,emily
erisc,eric
erric,eric
fracois,francois
frenk,frank
frederisk,frederick
ge,george
gerared,gerard
grelbert,gilbert
marianene,marianne
giulianea,giuliana
genn,glenn
gordan,gordon
gereg,greg
willeam,william
horriet,harriet
haeriet,harriet
hlen,helen
freda,freda
wrene,irene
jcqueline,jacqueline
jumes,james
jeapn,jan
jaon,jason
jaremy,jeremy
thiirry,thierry
michaal,michael
jonethan,jonathan
julan,julian
kalio,kaleo
kathlen,kathleen
ekoterini,ekaterina
knji,kenji
knneth,kenneth
kery,kerry
kevinken,kevin
kistian,kristian
lawreance,lawrence
lawrince,lawrence
lauen,lauren
laurir,laurie
les,lee
leond,leonid
llayd,lloyd
lbouuie,louie
lyuto,lyoto
beatrie,beatrice
maruiama,mariama
metthew,matthew
melfssa,melissa
mnchael,michael
michel,michael
moton,morton
dwaynen,dwayne
nei,neil
simemn,simeon
samr,samir
p,pv
jouseph,joseph
pater,peter
poomam,poonam
poonim,poonam
rajagpala,rajagopal
rasi,ravi
rajindra,rajendra
rajeendra,rajendra
ranlmon,ramon
regynald,reginald
rnidar,reidar
rhisna,rhiana
rachard,richard
rchard,richard
e,ether
richaed,richard
robelt,robert
robeert,robert
robrt,robert
rabert,robert
robirt,robert
roando,rolando
robnald,ronald
royl,royal
dianasabine,diana
sjal,sajal
canam,sanam
senam,sanam
scoutt,scott
shelita,selita
miyaewaki,miyawaki
shirle,shirley
edwardw,edward
terrenceb,terrence
titmothy,timothy
tinartin,tinactin
tm,tom
thrmas,thomas
rogr,roger
treapuraribhatla,tripuraribhatla
vereaty,verity
williem,william
xavi,xavier
andre,andrew
andraw,andrew
ailar,aylar
bobar,babar
bedn,ben
eliabeth,elizabeth
jorsep,josep
williem,william
robrt,robert
jusin,justin
catalrina,catalina
chirles,charles
lothear,lothar
chrstopher,christopher
tirik,tarik
cyntha,cynthia
cynthva,cynthia
lavll,lavelle
dedlmar,delmar
daveid,david
dune,duane
rechard,richard
ritchard,richard
sadeneia,sadenia
ed,edward
erisc,eric
florsnce,florence
frcderick,frederick
faridkaram,farid
garaeth,gareth
meria,maria
hairvey,harvey
hlen,helen
herme,hermes
hng,hong
johen,john
jean-claudt,jean-claude
jennefer,jennifer
jams,james
madonnajosephine,madonna
girovanni,giovanni
joathan,jonathan
julye,julie
kasthryn,kathryn
caterine,catherine
lne,lee
lonard,leonard
augutta,augusta
lndsay,lindsay
loranzo,lorenzo
matthw,matthew
mairy,mary
michell,michelle
mnyer,meyer
michnel,michael
siy,sky
countss,countess
nichoas,nicholas
jeeanne,jeanne
pater,peter
phlippe,philippe
pluvka,plavka
roberet,robert
williamrodney,william
ronld,ronald
shahi,shahid
shirlerey,shirley
tnisha,tanisha
euphermia,euphemia
juseph,joseph
vincezo,vincenzo
willyam,william
patoick,patrick
alfrad,alfred
anddrew,andrew
angmla,angela
birett,brett
christeophe,christophe
michille,michelle
felex,felix
dontald,donald
filemomn,filemon
eugne,eugene
gileas,giles
goapsle,goapele
joushua,joshua
j,j
jer,jeremy
jingguy,jinggoy
catheriee,catherine
sephanie,stephanie
kreistian,kristian
kye,kyle
lica,lisa
margarat,margaret
margarret,margaret
micheel,michael
milchael,michael
miluton,milton
nianicole,nia
patritk,patrick
sidndy,sidney
harolld,harold
solomom,solomon
cryctal,crystal
trry,terry
terrnce,terrence
tomas,thomas
warern,warren
williem,william
yiannisnicholas,yiannis
ashreaf,ashraf
robnrt,robert
neoki,naoko
ertc,eric
rechard,richard
harviy,harvey
chalotte,charlotte
luccien,lucien
marcn,marcin
marisha,marsha
matrietta,marietta
richad,richard
richrd,richard
shaila,sheila
vetali,vitali
warben,warren
ajsh,ajesh
aexander,alexander
andrw,andrew
audrely,audrey
christne,christine
christtne,christine
dan,daniel
penter,peter
demosre,demore
haroldd,harold
gaibriela,gabriela
guillaum,guillaume
tohomas,thomas
jams,james
juiusz,juliusz
kemami,kimami
vaverly,waverly
kouhi,kouhei
kriti,kristi
larrence,lawrence
lauence,laurence
may,mary
mattew,matthew
jules-charlxs-maurice,jules-charles-maurice
napoeleon,napoleon
virgiie,virginie
ptrick,patrick
riphael,raphael
rodereck,roderick
s,s
sairl,sail
demetritus,demetrius
sharley,shirley
stve,steve
sesan,susan
thomes,thomas
abdully,abdul
valentona,valentina
vlatislav,vladislav
haeold,harold
demnis,dennis
huntingrton,huntington
hereman,herman
tirsha,trisha
viorl,viorel
caete,carte
devid,david
domic,dominic
eairl,earl
icak,icak
kareina,karina
lirry,larry
maek,mark
mealissa,melissa
paneiarajan,pandiarajan
sccott,scott
tobilas,tobias
davd,david
asling,aisling
khiril,khairil
bthany,bethany
roberr,robert
charlis,charles
danel,daniel
danieal,daniel
doniel,daniel
debara,debra
dougles,douglas
edoaurdo,edoardo
edwrd,edward
eilin,eilen
fraincisco,francisco
gabrille,gabrielle
yuorgo,yorgo
alfrod,alfred
willinam,william
cetherine,catherine
intear,inter
emmiline,emmeline
jonathandavid,jonathan
jacquelin,jacqueline
kennth,kenneth
kenneyh,kenneth
kvin,kevin
jmes,james
laopoldo,leopoldo
lcza,liza
marcel,marcelo
merco,marco
mrcus,marcus
margart,margaret
mornitz,moritz
mat,matt
mattew,matthew
michaalia,michael
garard,gerard
phtineas,phineas
reja,raja
robirt,robert
romadn,roman
tokuma,takuma
tiffan,tiffany
vinsent,vincent
guladys,gladys
zcuzsanna,zsuzsanna
geraldhine,geraldine
kjtil,kjetil
jaes,james
mariues,marius
olavia,olivia
anonio,antonio
beertita,beretta
wi,william
blase,blaise
dailton,dalton
chrsstopher,christopher
korad,konrad
daivid,david
gerge,george
doiele,doyle
fona,fiona
gracilla,graciella
jck,jack
jlcob,jacob
jasobn,jason
jiffrey,jeffrey
jesscica,jessica
juon,juan
juditth,judith
mata,marta
scoet,scott
surerchkumar,suresh
naltalia,natalia
wlexandr,alexander
anonella,antonella
b,b
bnjamin,benjamin
berarnard,bernard
brurce,bruce
charlte,charlie
cythia,cynthia
daved,david
davnd,david
davrd,david
dwinght,dwight
eisa,elisa
evalouise,eva
gdaliah,gedaliah
constatin,constantin
harucharan,haricharan
isidor,isidore
norres,norris
jona,jonas
joshaa,joshua
joseh,joseph
ludia,lidia
marctos,marcos
maeus,mateus
matthw,matthew
mithael,michael
migull,miguel
jacleyn,jaclyn
getrald,gerald
pdierre,pierre
phrasenjit,prasenjit
regadt,regardt
raohei,ryohei
syaka,sayaka
sephen,stephen
sewart,stewart
subaslaran,subaskaran
taik,tarik
vctor,victor
waltter,walter
williamhighfield,william
adolphe-laurnt,adolphe-laurent
gowrei,gowri
felspe,felipe
hermon,herman
jurdon,jordan
sebasttian,sebastian
aunthony,anthony
christion,christian
davd,david
edwarid,edward
granvill,granville
gieorge,george
htsan,hasan
harreet,harriet
gakob,jakob
jennefer,jennifer
jeremies,jeremy
jessia,jessica
kansishka,kanishka
lawrene,lawrence
charmbine,charmaine
margareeha,margaretha
parveren,parveen
patrecia,patricia
payl,paul
raslph,ralph
teeje,terje
thouraya,thouraya
benjamain,benjamin
briorn,brian
cristine,christine
dnaniel,daniel
franceesco,francesco
gilliarn,gillian
elizaboth,elizabeth
stehen,stephen
joseas,josias
mabcus,marcus
alexender,alexander
davive,davie
fehrdinand,ferdinand
frannz,franz
horulma,formula
jrek,jarek
lie,lee
marso,marco
epiofania,epifania
marrk,mark
hele,helen
pak,park
sttevie,stevie
yhanna,yohanna
zhag,zhang
jamed,james
bjukumar,bju
jossph,joseph
shoteve,steve
edurd,eduard
elyhu,elihu
geore,george
robearrt,robert
hnry,henry
jamis,james
jamet,james
jeffreycharles,jeffrey
may,mary
jyoirmoy,jyotirmoy
kifean,kieran
lous,louis
loues,louis
mrcel,marcel
mailda,matilda
michal,michael
mechael,michael
patrlcia,patricia
rbert,robert
ste,steven
tiamothy,timothy
yolandarose,yolanda
anderw,andrew
bnjamin,benjamin
chng,chang
chrostopher,christopher
hrkim,hakim
doonald,donald
waltar,walter
evereta,everett
geeverghese,geevarghese
geanfranco,gianfranco
unknown,unknown
grham,graham
hecth,heath
henre,henry
richar,richard
leughton,leighton
michelll,michelle
diwn,dawn
naicholas,nicholas
rbecca,rebecca
rcchard,richard
robetrt,robert
kgim,kim
sreah,sarah
josuph,joseph
tel,tee
vladyelav,vladislav
willidm,william
alie,alice
adotya,aditya
poula,paula
charleszeta,charlesetta
rindall,randall
benjeamin,benjamin
xerxds,xerxes
abdulleh,abdullah
danieile,daniele
rihard,richard
charlas,charles
jison,jason
nycole,nicole
russelt,russell
abhacy,abhay
adriennececile,adrienne
alexaander,alexander
alexader,alexander
aalicja,alicja
ambroius,ambrosius
amdeo,amedeo
aemy,amy
andrcew,andrew
andton,anton
antoniorodolfo,antonio
jssica,jessica
joane,joanne
eleranor,eleanor
bartolomau,bartolomeu
zachariat,zacharias
beanjamin,benjamin
willirm,william
elenanora,eleanora
sbmuel,samuel
illiam,william
roert,robert
wylliam,william
cameion,cameron
miria,maria
arcibald,archibald
hrrman,herman
hainrich,heinrich
chales,charles
cheste,chester
christiopher,christopher
charle,charles
cicetly,cicely
hrry,harry
clveve,clive
daniell,daniel
danioulle,danielle
waltter,walter
jamecs,james
denyse,denise
edwarld,edward
hilaire-grmain-edgar,hilaire-germain-edgar
edmuned,edmund
ewin,edwin
elizabeseh,elizabeth
addolf,adolf
emmelin,emmeline
felax,felix
drek,derek
fredeeick,frederick
eugen,eugene
amentine,amandine
georges-pyierre,georges-pierre
gesard,gerard
cliffurd,clifford
davyd,david
groeta,greta
hnry,henry
herold,harold
aruminta,araminta
ellic,ellis
heoke,heike
hrlmut,helmut
hismanta,hemanta
herbere,herbert
jheronimu,jheronimus
houard,howard
isratl,israel
jacquelie,jacqueline
lalra,laura
janeat,janet
jean-auguste-domienique,jean-auguste-dominique
jein,jean
jian,jean
ferninand,ferdinand
choarles,charles
johnanthony,john
johnd,john
joathan,jonathan
francee,frances
katherineen,katherine
keeth,keith
kennesth,kenneth
kevinpatrick,kevin
l,l
lawreunce,lawrence
hary,harry
leconard,leonard
lslie,leslie
lecter,lester
lewi,lewis
lindsy,lindsey
leza,liza
lerenz,lorenz
loues,louis
phllip,philip
michal,michael
emmanuee,emmanuel
monshe,moishe
marcous,marcus
henri-rbert-marcel,henri-robert-marcel
margart,margaret
matin,martin
maarwan,marwan
mauren,maureen
margart,margaret
mlinda,melinda
michel,michael
milrton,milton
cassus,cassius
nichelas,nicholas
andreis,andreas
willim,william
oteto,otto
pelharm,pelham
mariown,marion
aristoces,aristocats
patreack,patrick
patrbcia,patricia
piter,peter
phislip,philip
phiipp,philipp
pierre-auustin,pierre-augustin
pirre,pierre
poeter,pieter
caiu,caius
gabreele,gabriele
grgorius,gregorius
ildebrondo,ildebrando
birtolomeo,bartolomeo
helarius,hilarious
gyovanni,giovanni
petro,pietro
alecsandro,alessandro
charlese,charles
concetsta,concetta
raphnel,raphael
ronuld,ronald
jamras,james
richerd,richard
rishard,richard
rorbert,robert
robrt,robert
rosberto,roberto
robertwao,roberto
rodniy,rodney
rger,roger
rogrr,roger
roitnton,rohinton
roseinn,roseann
rupest,rupert
ryon,ryan
sanuel,samuel
sadra,sandra
roseine,rosine
sesal,seal
sheron,sharon
anchony,anthony
may,mary
sifia,sofia
sphie,sophie
rogr,roger
steihen,stephen
stepheng,stephen
stven,steven
stavana,stevana
sdephanie,stephanie
jame,james
caius,gaius
svant,svante
edwerd,edward
laureince,laurence
thorntonn,thornton
anthany,anthony
antony,anthony
torace,tracey
bruct,bruce
valerye,valerie
evanegelos,evangelos
vicitoria,victoria
vicetoria,victoria
narundra,narendra
willimam,william
walace,wallace
wlter,walter
waltir,walter
war,warren
vasily,vasily
hirwart,herwart
wayrand,wayland
waltr,walter
whiney,whitney
friedrinh,friedrich
williamcuthbert,william
wielliam,william
wighlliam,william
willaam,william
wouliam,william
hibert,hubert
ernt,ernst
wifield,winfield
woonrow,woodrow
zhors,zhores
humayeun,humayun
jalae,jalal
daviddallan,david
allean,allen
andra,andrea
andrw,andrew
rasykeea,rasika
belnjamin,benjamin
wiclliam,william
williom,william
roberd,robert
bradlty,bradley
williame,william
carople,carole
carlo,carlos
prisilla,priscilla
christupher,christopher
charls,charles
canrles,charles
chries,chris
chrictopher,christopher
chrittopher,christopher
leonatrd,leonard
danil,daniel
danial,daniel
daneela,daniela
danil,daniel
dvid,david
davi,david
davad,david
mohender,mohinder
forresk,forrest
dmmitri,dmitri
eliizer,eliezer
eliyhu,eliyahu
chybuzor,chibuzor
georce,george
gnorge,george
goulia,giulia
goace,grace
grg,greg
harryedward,harry
hezekiay,hezekiah
hotheard,hothead
hwego,hugo
iin,ian
auttin,austin
jemes,james
jamas,james
jamers,james
dolorens,dolores
geard,gerard
jsse,jesse
jeisse,jesse
jess,jesse
johern,john
jonatte,johnette
junathan,jonathan
katharnie,katharine
kathereine,katherine
wileliam,william
imberly,kimberly
kimmo,kimo
lionard,leonard
lonida,linda
lillan,lillian
linzeylouise,linzey
chearlotte,charlotte
naretndra,narendra
marien,marian
mrk,mark
mgrtin,martin
martn,martin
martisn,martin
marvinlawrence,marvin
mury,mary
marytherese,mary
maurie,maurice
michille,michelle
mechael,michael
mihael,michael
amrek,amrik
micheslle,michelle
meika,mika
naiea,naya
nrma,norma
mizoguhi,mizoguchi
pasqual,pasquale
piul,paul
paol,paul
paol,paul
petr,peter
ptrus,petrus
pearojsha,pirojsha
prannuy,pranay
rachaol,rachael
rachail,rachael
rndi,randi
rdchard,richard
richaed,richard
robrto,roberto
ribert,robert
roderck,roderick
roseary,rosemary
roymurdoch,roy
shananon,shannon
shuhzad,shehzad
shamuel,samuel
siannoa,sianoa
jatne,jane
soraia,soraya
seven,steven
rrne,rene
tilla,tila
anhony,anthony
anthuny,anthony
turhamn,turhan
turinbio,toribio
valshti,vashti
vgviane,viviane
wincent,vincent
jseph,joseph
wilem,willem
perk,park
zakird,zakir
aaeaap,alaap
adcelaide,adelaide
adollph,adolph
albrt,albert
alaen,alain
albrt,albert
louils,louis
alekfei,aleksei
alax,alex
alexandr,alexander
alexacnder,alexander
alic,alice
alson,alison
and,andrew
adrew,andrew
anglique,angelique
amn,amnihook
annn,ann
murice,maurice
antanio,antonio
alijandro,alejandro
aei,ari
auianna,arianna
aryanny,arianny
arthurewilliam,arthur
ashlety,ashley
aesin,asin
aughusta,augusta
lawrenxe,lawrence
bahouddeen,bahauddeen
barryrobert,barry
bejamin,benjamin
beitram,bertram
batty,betty
bhagaraju,bhogaraju
williem,william
willeaam,william
blak,blake
blancheir,blanche
barbaia,barbara
robrt,robert
rbert,robert
bradleay,bradley
carlore,carlos
bundan,brendan
bretedt,brett
brisan,brian
briean,brian
donad,donald
camron,cameron
caroleine,caroline
catharna,catharina
chansal,chantal
hather,heather
charls,charles
charlns,charles
chereyl,cheryl
cherryl,cheryl
chryl,cheryl
chesyl,cheryl
cherl,cheryl
aprl,april
carles,charles
chitrolekha,chitralekha
christophir,christopher
chis,chris
christna,christina
christophur,christopher
charlts,charles
cinthia,cynthia
coliln,colin
cnstance,constance
corira,corina
corneliys,cornelius
donadld,donald
paudl,paul
tyrae,tyree
raashaln,rashawn
daisys,daisy
donie,danie
davive,davie
devid,david
davi,david
dvid,david
davd,david
daved,david
dadid,david
daved,david
dvid,david
davsd,david
v,v
natale,natalee
dolors,dolores
donold,donald
dorir,dorr
tirence,terence
catharini,catherine
edweard,edward
claule,claude
edwad,edward
edouar,edouard
efralt,efrat
elizabath,elizabeth
ellned,ellen
elliotdbrett,elliot
eeon,elon
emly,emily
ema,emma
arnoldgeorge,arnold
nicoula,nicola
esthr,esther
estheed,esther
evangeina,evangeline
fhelix,felix
christompher,christopher
francss,francis
frnk,frank
franciscuts,franciscus
frod,fred
frderick,frederick
kwan,kwon
geoffey,geoffrey
goorge,george
giorge,george
geoyge,george
gorge,george
gernet,gernot
geald,gerald
grrtrud,gertrude
gialnna,gianna
bradleymark,bradley
nathanieel,nathaniel
ejigayeahu,ejigayehu
gugi,gigi
godon,gordon
gregiory,gregory
hauima,halima
hanes,hannes
hansfredrik,hans
harod,harold
hnery,henry
heung-yeng,heung-yeung
hendik,hendrik
hinry,henry
hivenry,henry
htnry,henry
harb,herb
howar,howard
isaibella,isabella
marea,maria
jaees,james
jenifer,jennifer
jank,jack
jacqueine,jacqueline
joomes,james
jame,james
jamss,james
jams,james
jtmes,james
jemes,james
jamye,jamie
jalmie,jamie
jarmes,james
jimes,james
jamts,james
jamos,james
rohard,richard
jamicie,jamie
jocobus,jacobus
jasone,jason
jsper,jasper
chean,chan
jremy,jeremy
jernrold,jerrold
kendrickejeru,kendrick
jecsse,jesse
jamwes,james
jams,james
jymmie,jimmie
jreemy,jeremy
johnrobert,john
